block,stake_size,address
1562,44.417312,2NWVFPgYFjAeA3nWpcxwmdgsPLK6XfSccF
1564,44.417312,2NWVFPgYFjAeA3nWpcxwmdgsPLK6XfSccF
1565,44.417312,2NWVFPgYFjAeA3nWpcxwmdgsPLK6XfSccF
1567,44.417312,2NWVFPgYFjAeA3nWpcxwmdgsPLK6XfSccF
1568,44.417312,2NWVFPgYFjAeA3nWpcxwmdgsPLK6XfSccF
1569,44.417312,2NWVFPgYFjAeA3nWpcxwmdgsPLK6XfSccF
1570,44.417312,2NWVFPgYFjAeA3nWpcxwmdgsPLK6XfSccF
1571,44.417312,2NWVFPgYFjAeA3nWpcxwmdgsPLK6XfSccF
1572,44.417312,2NWVFPgYFjAeA3nWpcxwmdgsPLK6XfSccF
1573,44.417312,2NWVFPgYFjAeA3nWpcxwmdgsPLK6XfSccF
1574,44.417312,2NWVFPgYFjAeA3nWpcxwmdgsPLK6XfSccF
1575,44.417312,2NWVFPgYFjAeA3nWpcxwmdgsPLK6XfSccF
1576,44.417312,2NWVFPgYFjAeA3nWpcxwmdgsPLK6XfSccF
1577,44.417312,2NWVFPgYFjAeA3nWpcxwmdgsPLK6XfSccF
1579,44.417312,2NWVFPgYFjAeA3nWpcxwmdgsPLK6XfSccF
1581,44.417312,2NWVFPgYFjAeA3nWpcxwmdgsPLK6XfSccF
1582,44.417312,2NWVFPgYFjAeA3nWpcxwmdgsPLK6XfSccF
1586,44.417312,2NWVFPgYFjAeA3nWpcxwmdgsPLK6XfSccF
1587,44.417312,2NWVFPgYFjAeA3nWpcxwmdgsPLK6XfSccF
1590,44.417312,2NWVFPgYFjAeA3nWpcxwmdgsPLK6XfSccF
1591,44.417312,2NWVFPgYFjAeA3nWpcxwmdgsPLK6XfSccF
1593,44.417312,2NWVFPgYFjAeA3nWpcxwmdgsPLK6XfSccF
1596,44.417312,2NWVFPgYFjAeA3nWpcxwmdgsPLK6XfSccF
1600,44.417312,2NWVFPgYFjAeA3nWpcxwmdgsPLK6XfSccF
1603,44.417312,2NWVFPgYFjAeA3nWpcxwmdgsPLK6XfSccF
1767,44.417312,2NWVFPgYFjAeA3nWpcxwmdgsPLK6XfSccF
1768,44.417312,2NWVFPgYFjAeA3nWpcxwmdgsPLK6XfSccF
1769,44.417312,2NWVFPgYFjAeA3nWpcxwmdgsPLK6XfSccF
1771,44.417312,2NWVFPgYFjAeA3nWpcxwmdgsPLK6XfSccF
1776,44.41731211,2NWVFPgYFjAeA3nWpcxwmdgsPLK6XfSccF
1787,44.417312,2NWVFPgYFjAeA3nWpcxwmdgsPLK6XfSccF
37252,47.28590707,2KyQodrdTHNMmeTejSttFWYndcD7Vfkj8G
44236,39.68717582,2KyQodrdTHNMmeTejSttFWYndcD7Vfkj8G
55546,45.62068966,2KyQodrdTHNMmeTejSttFWYndcD7Vfkj8G
66423,48.89736633,2KyQodrdTHNMmeTejSttFWYndcD7Vfkj8G
83212,24.21554336,2RJiSPKE53DDHhYAu65wjXhqztkiJuHoaX
83726,40.00004,2RosUz1mBgWPUJRvVcytTFyVRRocTCwFge
89940,25.0,2N5KxRowCvaKwMSZc82u2UpEC3zGFxtRmb
100286,15.00001,2anJHUkQQkWAu4SV2iWAeYFeJXAsVT9FzL
101233,18.0,2D3TqhwXNgAE9PQXgQDYrAet2VzFB9cc5V
111051,37.5,2N5KxRowCvaKwMSZc82u2UpEC3zGFxtRmb
112705,30.0,2Gh3WvPUT41dA7C9RVoLmETi1SKVhengZ1
113166,30.0,2Gh3WvPUT41dA7C9RVoLmETi1SKVhengZ1
115336,22.5,2MyhJkymTmuxFfGm7YxAmX7gn5TxFobqaB
126620,3.0,2UtMZ5DLocTfTi6eLtcPATHpPn5tc1YzGm
133479,3.0,2S3rHYngLmRgGaHiiDecUMaZ5AjHqV1bAC
139847,10.9315458,2YPdxTv8n4V2P5MiDiXVfa9Hj2fg2bLmUt
143096,6.0,2Gbp17xubGBQ8aGWAi4PRryq9f9UvVmkFd
164600,25.37018181,2YgrubYzfGVsqy4UuGZzmYwG69XPpQmgWZ
178816,15.0,2TheMoonEatm7639zEbfmZ6sJNVm9Y5jcU
181716,25.000025,2JTavq3bSgiZ2dakRiZThYDBbyH7DezMd9
186088,22.5,2JQwDVht5D9HS19Q5Jz2WTqPv5JhVXKTdL
203966,15.0,2TheMoonEatm7639zEbfmZ6sJNVm9Y5jcU
208624,15.0,2D4FMbNFU3AjRgE3W8RsPS1wAJpW25mDn9
210276,10.00001,2UtMZ5DLocTfTi6eLtcPATHpPn5tc1YzGm
212591,3.000004,2UbAdXbZiphAhqqBP2bnXMv31DMZdm51SL
214704,20.0,2TheMoonEatm7639zEbfmZ6sJNVm9Y5jcU
219693,30.0,2U5tbFsiux2mayJeYe8ciSnycWGHTTWgcj
219878,1.0001,2Gbp17xubGBQ8aGWAi4PRryq9f9UvVmkFd
224610,3.0,2UbAdXbZiphAhqqBP2bnXMv31DMZdm51SL
227276,1.500003,2TwEnncttTb2bJk6hHi1JGgGeT4u78grSN
227814,2.0,2S3rHYngLmRgGaHiiDecUMaZ5AjHqV1bAC
230122,2.0,2S3rHYngLmRgGaHiiDecUMaZ5AjHqV1bAC
232683,10.0,2D4FMbNFU3AjRgE3W8RsPS1wAJpW25mDn9
234260,14.54238727,2ZhLtwH8xkU4ZBN7g7fJdXaDUsTFCFzLiT
235496,3.0,2QJmgE5tw5XTqZnCpYcLhTqVEDd1k25exE
237833,3.0,2ZysRrYxRGmQhH2cgScqwLoVobB9BTmmvC
241931,25.37018181,2YgrubYzfGVsqy4UuGZzmYwG69XPpQmgWZ
243409,3.0,2QJmgE5tw5XTqZnCpYcLhTqVEDd1k25exE
244082,20.00002,2U5tbFsiux2mayJeYe8ciSnycWGHTTWgcj
246428,20.00004,2TqiwmFkjqBRbrM3EXwEcfXcDyJv1bHEwv
247707,20.0,2U5tbFsiux2mayJeYe8ciSnycWGHTTWgcj
249451,3.0,2Gbp17xubGBQ8aGWAi4PRryq9f9UvVmkFd
249688,1.36238532,2FdBe79NGDX5rPZiTTFoaxmx8iAATuHjo5
250694,3.0,2ZysRrYxRGmQhH2cgScqwLoVobB9BTmmvC
251793,2.000006,2UbAdXbZiphAhqqBP2bnXMv31DMZdm51SL
253363,49.5,2TheMoonEatm7639zEbfmZ6sJNVm9Y5jcU
256784,35.03514,2TwEnncttTb2bJk6hHi1JGgGeT4u78grSN
257988,15.00001,2D4FMbNFU3AjRgE3W8RsPS1wAJpW25mDn9
262313,25.37018181,2YgrubYzfGVsqy4UuGZzmYwG69XPpQmgWZ
266078,3.0,2UtMZ5DLocTfTi6eLtcPATHpPn5tc1YzGm
274522,1.47029702,2Qwg6K5vo8PhqxcGor1hRmaHoVqTuv77Sh
276131,4.5,2ZysRrYxRGmQhH2cgScqwLoVobB9BTmmvC
281925,4.500003,2QJmgE5tw5XTqZnCpYcLhTqVEDd1k25exE
287506,14.85,2Hr1TGBYwvPhSAmzw8imHdtv3wb2Bd7q3L
287562,4.5,2QJmgE5tw5XTqZnCpYcLhTqVEDd1k25exE
287846,3.0,2Gbp17xubGBQ8aGWAi4PRryq9f9UvVmkFd
288400,11.0,2W3RnHhLSvMELbkaVQFMPTtJe5X1QZ3R4k
289876,12.595,2DqPy3y3r8LYaaioFX9DTvoSfsHPzAVEk1
295912,20.0,2U5tbFsiux2mayJeYe8ciSnycWGHTTWgcj
296171,10.00004,2D4FMbNFU3AjRgE3W8RsPS1wAJpW25mDn9
296174,14.85,2YPxpXasro5fwAKEmHrZYCpeHLNGiAMqzP
296260,1.375,2F9LzpgFhsDaADnBtrxNGG1DVBvcqKX2eW
299742,42.49481138,2L9U1imAqXkdUbSc9De6ao5FdUnvb1pfY1
299801,3.0,2UbAdXbZiphAhqqBP2bnXMv31DMZdm51SL
301636,45.0,2U5tbFsiux2mayJeYe8ciSnycWGHTTWgcj
306734,8.2508415,2F9nFuaZ8douU9uttdFFk3i4xv5rjjRUzg
307239,49.5,2aheobngvQDEkKSJvHU8ELB4KWrTcaavbz
312426,1.5,2Gbp17xubGBQ8aGWAi4PRryq9f9UvVmkFd
312764,14.85,2PoxN5D5tFZF297nTWM1xSEduDYZwDTSix
316828,20.0,2U5tbFsiux2mayJeYe8ciSnycWGHTTWgcj
317315,3.0,2ZysRrYxRGmQhH2cgScqwLoVobB9BTmmvC
317764,3.0,2Gbp17xubGBQ8aGWAi4PRryq9f9UvVmkFd
318639,40.0,2U5tbFsiux2mayJeYe8ciSnycWGHTTWgcj
318700,49.5,2aheobngvQDEkKSJvHU8ELB4KWrTcaavbz
319089,49.5,2aheobngvQDEkKSJvHU8ELB4KWrTcaavbz
324774,2.0,2ZysRrYxRGmQhH2cgScqwLoVobB9BTmmvC
325732,3.000002,2UbAdXbZiphAhqqBP2bnXMv31DMZdm51SL
337289,42.69386828,2L9U1imAqXkdUbSc9De6ao5FdUnvb1pfY1
339234,27.0,2XGPFt3rjkyLfkCEmHjsXZjvT485tMKFWK
339243,14.85,2L36kztB1nJE9nEnbeja9x9H3Bi2Uvrd5s
339412,19.43431744,2GkwEkJQFumTs7fHMQcPPmQTwK9ByrteW4
340153,42.34275,2L9U1imAqXkdUbSc9De6ao5FdUnvb1pfY1
344912,42.25598083,2L9U1imAqXkdUbSc9De6ao5FdUnvb1pfY1
354573,3.003,2TwEnncttTb2bJk6hHi1JGgGeT4u78grSN
356447,14.85,2SSnnoi9izK33b7YK8K512xDpjNqxJHkaV
361020,6.0,2Gbp17xubGBQ8aGWAi4PRryq9f9UvVmkFd
361433,3.0,2UtMZ5DLocTfTi6eLtcPATHpPn5tc1YzGm
370448,10.0,2S3rHYngLmRgGaHiiDecUMaZ5AjHqV1bAC
371512,14.0,2U3qaz4766qCLUuYrW6HZDz1cGftFVN8uK
377490,30.0,2U5tbFsiux2mayJeYe8ciSnycWGHTTWgcj
380886,3.006009,2TwEnncttTb2bJk6hHi1JGgGeT4u78grSN
382987,3.0,2S3rHYngLmRgGaHiiDecUMaZ5AjHqV1bAC
384219,10.0,2S3rHYngLmRgGaHiiDecUMaZ5AjHqV1bAC
386718,3.0,2Gbp17xubGBQ8aGWAi4PRryq9f9UvVmkFd
389748,29.65025433,2WZ2DKTwcDY9wLD77xWN6LnhRszKDsAKNE
390217,20.80702141,2SefNQKZSK9EEgEqE2EsR3qXEfvsEXZgZE
396548,30.00004,2Gh3WvPUT41dA7C9RVoLmETi1SKVhengZ1
397299,1.0,2QJmgE5tw5XTqZnCpYcLhTqVEDd1k25exE
398797,3.8539302,2TZ5azBgWqiJQdcMwjAWfAomzpM4WvCANc
399411,14.0,2U3qaz4766qCLUuYrW6HZDz1cGftFVN8uK
399447,10.0,2TwEnncttTb2bJk6hHi1JGgGeT4u78grSN
401004,14.0,2U3qaz4766qCLUuYrW6HZDz1cGftFVN8uK
401067,30.0,2U5tbFsiux2mayJeYe8ciSnycWGHTTWgcj
402680,31.31455909,2Z7DoHfAuMXNXKMezSXdAzeuVLmMktmVuh
402769,30.0,2U5tbFsiux2mayJeYe8ciSnycWGHTTWgcj
406238,20.0,2Gh3WvPUT41dA7C9RVoLmETi1SKVhengZ1
406443,9.000009,2FjUsJNupFvGFfPp8rXNCkpiaW8FgxcXmD
407079,30.00016,2Gh3WvPUT41dA7C9RVoLmETi1SKVhengZ1
408437,15.0,2S3rHYngLmRgGaHiiDecUMaZ5AjHqV1bAC
408714,3.0,2Gbp17xubGBQ8aGWAi4PRryq9f9UvVmkFd
411669,4.0,2Gbp17xubGBQ8aGWAi4PRryq9f9UvVmkFd
414119,9.0,2RZsk6H2XpQGZvYzyFTcyNkSuJAmrFpt6e
414140,21.21428571,2c157TrxGzeDq425Q9fkVQURmSbtZgKS23
414528,10.0,2TwEnncttTb2bJk6hHi1JGgGeT4u78grSN
418474,13.80324667,2YPnUknHwDFdEf1wn9o4hHDxMur66ijo7k
420163,14.0,2U3qaz4766qCLUuYrW6HZDz1cGftFVN8uK
420425,3.0,2UtMZ5DLocTfTi6eLtcPATHpPn5tc1YzGm
423820,6.0,2D4FMbNFU3AjRgE3W8RsPS1wAJpW25mDn9
424521,1.24789915,2Hmd4hq76bAabXD1ux1GbPMhU3Mmj52ohj
424718,14.85,2aU3AFoEJHwRvDhta4zKWySmZnafrSLhTF
425121,34.89810136,2WZ2DKTwcDY9wLD77xWN6LnhRszKDsAKNE
427480,30.0,2Gh3WvPUT41dA7C9RVoLmETi1SKVhengZ1
427490,15.43699996,2YPnUknHwDFdEf1wn9o4hHDxMur66ijo7k
428187,1.0501559,2YPdxTv8n4V2P5MiDiXVfa9Hj2fg2bLmUt
428484,9.9,2Mf8HsJAAPs3XkG3TaMpu8bL8hMDqdUNSf
428628,15.0,2TwEnncttTb2bJk6hHi1JGgGeT4u78grSN
428896,49.5,2aheobngvQDEkKSJvHU8ELB4KWrTcaavbz
432334,1.08791208,2FS3nVjegrDgTTMTPF3rwUVXbJH49hG74J
433744,9.9,2aC8TUYaynaomg8C1ha2z8YuQ76SLNkpWo
435113,2.0,2ZysRrYxRGmQhH2cgScqwLoVobB9BTmmvC
435281,1.51530612,2Yqp2Esnwzo5oZptLzPZEWp4mc3QFFYYrn
437449,13.5,2UFUj91p25nA6fJngHm3oRcZE8FZXmBtrb
439974,14.8500099,2LajUcUT84QfG8taiLtuWuvkxSnsQ5ms9t
442657,12.38325,2GWWXwv5DndBU9XVJegqNBodGDVe16JuA4
442905,42.67990464,2VnWfAJK2Q2UNoC6PSc17BZCbnoNwtD6zM
443003,49.5,2aheobngvQDEkKSJvHU8ELB4KWrTcaavbz
443128,15.0,2S3rHYngLmRgGaHiiDecUMaZ5AjHqV1bAC
444187,13.5,2PiYMz5VCkkwb6Gmd3x6ECBnVFtfTgeJwW
446126,29.7004752,2ZgqGSR3fcwUywoojFNeTFyvNo428WoRjk
447263,3.54367865,2PB2HrxVpkzndRPHChkYQwRB11htpuZSAv
447583,4.5,2Gbp17xubGBQ8aGWAi4PRryq9f9UvVmkFd
449871,1.35,2E7fEwo7vK2oUYiExyFqveACfUZBsKAKWo
456108,14.0818042,2YPnUknHwDFdEf1wn9o4hHDxMur66ijo7k
456288,1.6500055,2RyP7x3FzdA414o3P4RPSEsBLoRbusmSpi
456868,2.0,2QJmgE5tw5XTqZnCpYcLhTqVEDd1k25exE
456902,12.375,2QH8jpeKqjjqSxPR8VYKqqvUwEbo5tXWVp
458154,25.68205974,2ZxfRN7aV8yTBRzycDj6LFDzyfUw9a4jC6
458430,24.67302442,2YPnUknHwDFdEf1wn9o4hHDxMur66ijo7k
460619,15.0,2GRRrL9W3JBfRjhmb3PLCQgNqcs6RU1RC4
460643,49.95,2HxsrRj4breA3y5LuFgrRtFUDNvvcUyB1d
462980,11.000022,2WtnQJnvGaxiwfeH8EGGxR9kgmnYiGrfgn
463045,12.37500825,2R572F4tMrzriWBY4SyfWgeCyBmbzqzcTM
466855,12.375,2P3NF2FAigx878LdxJPVzb5L1Cstqq2jLs
467799,11.4495815,2TZ5azBgWqiJQdcMwjAWfAomzpM4WvCANc
469067,8.25,2V9jqRruRtPz7YyMh3pQMZ9D25T7txcM3n
469602,9.0,2RGQ9M3wLm7dm3vWcbYGgtTRJKg47zTdY4
470067,3.0,2QJmgE5tw5XTqZnCpYcLhTqVEDd1k25exE
472188,15.0,2GRRrL9W3JBfRjhmb3PLCQgNqcs6RU1RC4
472232,9.0,2VwVqaHPADA7LYdHVKNtSp3Rmn89L3HJhB
472773,10.00002,2GRRrL9W3JBfRjhmb3PLCQgNqcs6RU1RC4
473304,49.95,2HxsrRj4breA3y5LuFgrRtFUDNvvcUyB1d
475004,1.22727272,2JAeCbRhFzz4ANqyY7o1LKKfqE4nGqaRLt
478085,14.85,2SpMbuVZZzXUmdiGLqA68WSCNc6k3kP8iG
480146,9.000009,2YPxpXasro5fwAKEmHrZYCpeHLNGiAMqzP
480746,37.5,2b6E9XoDC616ZAnii9hAtxW2gs8G9h4aU7
480974,11.7,2Z8pne5CcNnyJWkZYRxpBvVaxzE1Z3zwpj
481375,18.50613101,2WZ2DKTwcDY9wLD77xWN6LnhRszKDsAKNE
483991,13.5,2ZJDJcpmcnF3GHVLVXjkt3fBLhtCkrVv8L
484426,12.375,2Xneg7GCmb36MmNtcH6Ys2Qke8haekhjbf
485223,12.375,2TZ5azBgWqiJQdcMwjAWfAomzpM4WvCANc
487404,14.85,2LrYXHTQ57QjUPyqbcu5fVD2hsk9XxbggH
490909,13.5,2UFUj91p25nA6fJngHm3oRcZE8FZXmBtrb
490945,9.9,2DPeo46T6mMDvTgkNggwFRPBcWfB6EoTAP
493039,13.5,2YHbaeJJZuvuhQHnHwVPWgzVdP1dF7F3Y8
495479,3.0,2ZysRrYxRGmQhH2cgScqwLoVobB9BTmmvC
495560,1.57978723,2ZysRrYxRGmQhH2cgScqwLoVobB9BTmmvC
497647,20.00002,2Gh3WvPUT41dA7C9RVoLmETi1SKVhengZ1
498760,1.3489,2DQXX1rhFNdFQaTqariSqwXGnWJ2M3LNQC
499252,4.0,2Gbp17xubGBQ8aGWAi4PRryq9f9UvVmkFd
500304,1.36238532,2H8bPjJNwHSiD9NQHbzz2oKq7aQFDRtWvy
502456,3.0,2QJmgE5tw5XTqZnCpYcLhTqVEDd1k25exE
503665,10.60061879,2WZ2DKTwcDY9wLD77xWN6LnhRszKDsAKNE
503891,12.375,2LD6DTe2sxtGAHCgtoXCLWH8BxqzSRrBea
506196,20.39581581,2WZ2DKTwcDY9wLD77xWN6LnhRszKDsAKNE
507486,12.39158992,2YPnUknHwDFdEf1wn9o4hHDxMur66ijo7k
508259,8.41591258,2YPnUknHwDFdEf1wn9o4hHDxMur66ijo7k
508689,49.7802068,2SefNQKZSK9EEgEqE2EsR3qXEfvsEXZgZE
510316,18.88273349,2YPdxTv8n4V2P5MiDiXVfa9Hj2fg2bLmUt
511095,4.5,2UbAdXbZiphAhqqBP2bnXMv31DMZdm51SL
513980,21.3675153,2ZxfRN7aV8yTBRzycDj6LFDzyfUw9a4jC6
514168,3.000002,2UbAdXbZiphAhqqBP2bnXMv31DMZdm51SL
514298,24.75,2JHxbhjMgi7PUgtJcarLyxR3vYztmsMVUE
516679,6.0,2D4FMbNFU3AjRgE3W8RsPS1wAJpW25mDn9
517097,1.29130434,2PoxN5D5tFZF297nTWM1xSEduDYZwDTSix
517817,7.66729436,2YhfRLtKvwzSqwvrtKyoPeAxe5FGTHsi74
518380,30.0,2U5tbFsiux2mayJeYe8ciSnycWGHTTWgcj
518400,4.5,2ZysRrYxRGmQhH2cgScqwLoVobB9BTmmvC
520896,49.2802734,2YPdxTv8n4V2P5MiDiXVfa9Hj2fg2bLmUt
520999,30.00004,2Gh3WvPUT41dA7C9RVoLmETi1SKVhengZ1
521454,4.5,2UbAdXbZiphAhqqBP2bnXMv31DMZdm51SL
522424,3.000003,2QJmgE5tw5XTqZnCpYcLhTqVEDd1k25exE
523522,37.12502475,2JHxbhjMgi7PUgtJcarLyxR3vYztmsMVUE
524214,30.0,2Gh3WvPUT41dA7C9RVoLmETi1SKVhengZ1
524987,12.375,2ZgqGSR3fcwUywoojFNeTFyvNo428WoRjk
526707,27.91779588,2ZxfRN7aV8yTBRzycDj6LFDzyfUw9a4jC6
526822,19.62747677,2YhfRLtKvwzSqwvrtKyoPeAxe5FGTHsi74
528232,15.0,2U5tbFsiux2mayJeYe8ciSnycWGHTTWgcj
529237,13.5,2FBVGnZtLE4JcWDFnqn23o8ZLvJeEsJUwn
532861,11.0,2PTSCTuEbtbGaxsZqyCaaW4jV5LoYmjfZE
533475,13.5,2ayeDhS1B4Gxq9Wsvsw1PghV9YMyvzzpQD
534622,40.0,2U5tbFsiux2mayJeYe8ciSnycWGHTTWgcj
536058,4.5,2UbAdXbZiphAhqqBP2bnXMv31DMZdm51SL
537387,9.9,2bSTMEWsnG76FMJiNXF9TRajmmceFsMuhU
537862,4.5,2ZysRrYxRGmQhH2cgScqwLoVobB9BTmmvC
541178,9.9,2U4HecT4TMrWKBvNvANKV541FMm1hMdVXE
543530,14.85,2DBH16HYLDfCqibpidz64U6X7eAzQMScf7
543894,1.4999,2DQXX1rhFNdFQaTqariSqwXGnWJ2M3LNQC
543898,37.5,2JGfErqqFKYKKNabksxuaxaWnTMg2ZULfu
544972,8.21438711,2YPnUknHwDFdEf1wn9o4hHDxMur66ijo7k
547387,18.13260746,2YhfRLtKvwzSqwvrtKyoPeAxe5FGTHsi74
550655,1.26923076,2XAZQYE6DDjZx6qBVaDZT9LWjTMS9V5w93
554085,3.75,2cKqnwMdvxaJ9FUmoCkiXneiuko2kjkuYr
554133,3.0,2Gbp17xubGBQ8aGWAi4PRryq9f9UvVmkFd
554823,20.00002,2U5tbFsiux2mayJeYe8ciSnycWGHTTWgcj
555345,12.375,2QoxLw5hs3cuBYXrAVLTDYkguXg6QQh2ca
555930,1.4999,2DQXX1rhFNdFQaTqariSqwXGnWJ2M3LNQC
556529,32.39841847,2XizyoprLt38pqayH2k16WKawSrjr5gEhn
556606,14.85,2SpMbuVZZzXUmdiGLqA68WSCNc6k3kP8iG
559065,13.5,2RLZL3dv7Vt3S7zL9QomQG4yCvZcgnf4TS
560010,13.5,2FxzsSnjqEW6rorobohbdNun4TyUJ7q3ky
560457,9.9,2bit9NMvq6dpKYPiqbDRkbqBKb33o4XnNG
562254,1.375,2JAeCbRhFzz4ANqyY7o1LKKfqE4nGqaRLt
563490,12.375,2GysfA7P9jgmuQweQptfUyuz4eKrS4mjWy
563678,13.5,2RcUiVackLWNQnV9sWerGP7m9qESZHuQ6R
563799,30.0,2U5tbFsiux2mayJeYe8ciSnycWGHTTWgcj
567343,13.5,2JPzdt1tfmRDKqLxJqkyckyvtgrXUNjz5i
568187,14.85,2JbFQvthwPgxXhEgqu4hb3h4W5uFXNo4zY
568399,34.20155307,2M3BZiphz1iuJUuZvXJ87wYhHgQcenbyTz
569017,42.256887,2Ttm8Gh6RXou6LZ6t7WjqErVUQCegCs3E4
571835,15.0,2TwEnncttTb2bJk6hHi1JGgGeT4u78grSN
574478,18.52127247,2WCHonmL3m8FEcPQWqrGigDCP7C3k9PkCW
574829,13.5,2GhjM9AsJR2XUKiuKecb7GHRUmQz7Jg1bN
576908,14.85,2UQbNAqaB4LD2rSNRWN6yR8MTWDZY83rLw
580995,5.0,2Gbp17xubGBQ8aGWAi4PRryq9f9UvVmkFd
581270,9.0,2SqCGdg7pYher9tLbeVCmRiQoGxfesvkg1
582295,4.0,2D4FMbNFU3AjRgE3W8RsPS1wAJpW25mDn9
583155,31.27775897,2M3BZiphz1iuJUuZvXJ87wYhHgQcenbyTz
583498,9.0,2RGQ9M3wLm7dm3vWcbYGgtTRJKg47zTdY4
586230,37.5,2JGfErqqFKYKKNabksxuaxaWnTMg2ZULfu
587691,9.9000099,2WCHonmL3m8FEcPQWqrGigDCP7C3k9PkCW
590115,2.611909,2PzjjmMRPLhs7pDJDVCiLTyVoAMQUUZTRu
590430,20.37414419,2WcPim7aLbYCAsvkm1A1pkwztzmYXJdKrF
590455,14.85,2KUkdcUQggPcfvyKnmrv6JCqmfpXqLvfqU
590719,14.85,2Z7SAAuYppKihKoem9hWzSh5ZomgzmVzTA
592820,1.36238532,2M1yzpjAvHx8pSR24wRSxTyWVjUs9ojKgL
593617,12.375,2QSCtDTrjV6ELp2PC8nhdK6wZNvQskqC45
594214,8.25,2TdqciNSMF4S87Fgt5aXjWQhniuMGNTyZ6
595363,1.36238622,2bSTMEWsnG76FMJiNXF9TRajmmceFsMuhU
597363,37.5,2Y5ES6N2g3YSUvqGAMEEtDm9S7FKtbba9C
597794,13.5,2Z7SAAuYppKihKoem9hWzSh5ZomgzmVzTA
598301,30.0,2U5tbFsiux2mayJeYe8ciSnycWGHTTWgcj
599935,9.000009,2WkTFi6EZYdDBBKWfdHMZ9YSWejdjUzpYg
603400,6.1362661,2DMq71bwS3MF1fmx8WtuTS3MVT7EGD1yvE
605226,13.500018,2G1MTSVuq11vuZdwE5CaaFNA5b5ZVfEym8
605242,13.500018,2METq1dvJBsp85NGPMRzHiT9wvkkpKDgVa
606293,37.5,2JGfErqqFKYKKNabksxuaxaWnTMg2ZULfu
607960,15.0,2TwEnncttTb2bJk6hHi1JGgGeT4u78grSN
608590,37.5,2JGfErqqFKYKKNabksxuaxaWnTMg2ZULfu
609061,9.9,2TiNZmiWoxopUXcfKMB272dLYSTyhrmACe
610073,14.85,2KacoWY6TCYJsqSNUn9RR1GVtNUcoAjwFi
611487,1.40094339,2YdN6Jf8iaosmukbuCLYVDt5AdVzNPva7K
611917,9.0,2Mf8HsJAAPs3XkG3TaMpu8bL8hMDqdUNSf
611945,32.43984636,2S3rHYngLmRgGaHiiDecUMaZ5AjHqV1bAC
612283,3.0,2Gbp17xubGBQ8aGWAi4PRryq9f9UvVmkFd
613457,7.505005,2UU3S9HyrWWuwBh6Y1K5dHPsz3EH2Zqiaw
613550,25.0,2JGfErqqFKYKKNabksxuaxaWnTMg2ZULfu
615116,16.5,2V9jqRruRtPz7YyMh3pQMZ9D25T7txcM3n
615677,16.5,2UvNmDkTmFpGn2aXgGnDCVZPmHBrHaRgoX
617212,9.9000099,2DE8JPjTGwh5XnWY975AkpkKs9iDgmZ1yP
624477,1.70689655,2TRfPaU4Eqb7gv8tEKZLpjnk79M7X9g6TP
624933,9.9,2KxKXoSPnnrwXY3kQ6BUq3zp1FSckEanEN
627616,37.5001,2JGfErqqFKYKKNabksxuaxaWnTMg2ZULfu
628881,23.3580618,2DpKGybUagDt6s2RuH3JGwxXieC4XaExhY
630813,9.9,2WcJ6AqhP7gVPPwxLaQ4RDPDp6PKG3Po3g
632210,1.42788461,2JAeCbRhFzz4ANqyY7o1LKKfqE4nGqaRLt
633989,1.44174757,2RYQJKieAp7bkv2LjsCEH9tq5y5WyTecVr
636113,25.0,2JGfErqqFKYKKNabksxuaxaWnTMg2ZULfu
639809,9.9,2Ttm8Gh6RXou6LZ6t7WjqErVUQCegCs3E4
641180,6.0,2D4FMbNFU3AjRgE3W8RsPS1wAJpW25mDn9
641662,43.75197569,2M3BZiphz1iuJUuZvXJ87wYhHgQcenbyTz
642435,1.53092783,2KK19ZF3GN7F5veSri6Kv5bZvi1qcHPHPC
642497,3.0,2QJmgE5tw5XTqZnCpYcLhTqVEDd1k25exE
645369,15.0,2UtMZ5DLocTfTi6eLtcPATHpPn5tc1YzGm
645387,10.0,2S3rHYngLmRgGaHiiDecUMaZ5AjHqV1bAC
649386,45.0,2U5tbFsiux2mayJeYe8ciSnycWGHTTWgcj
651232,2.0,2UtMZ5DLocTfTi6eLtcPATHpPn5tc1YzGm
656249,15.0,2S3rHYngLmRgGaHiiDecUMaZ5AjHqV1bAC
659710,18.5625,2QoxLw5hs3cuBYXrAVLTDYkguXg6QQh2ca
659759,4.5,2S3rHYngLmRgGaHiiDecUMaZ5AjHqV1bAC
660140,14.14285714,2S4km1ssjnygMNzcoUQ2ECjqPLc3iJCJws
661406,4.5,2S3rHYngLmRgGaHiiDecUMaZ5AjHqV1bAC
666297,3.0,2UtMZ5DLocTfTi6eLtcPATHpPn5tc1YzGm
672362,3.0,2S3rHYngLmRgGaHiiDecUMaZ5AjHqV1bAC
675232,1.38785046,2Meqj5cHdkvsJjZyoC1MPhRbNPR24xSDs9
675323,14.85,2Xneg7GCmb36MmNtcH6Ys2Qke8haekhjbf
675629,18.5625,2UFUj91p25nA6fJngHm3oRcZE8FZXmBtrb
675869,6.000004,2D4FMbNFU3AjRgE3W8RsPS1wAJpW25mDn9
679502,37.5,2U5tbFsiux2mayJeYe8ciSnycWGHTTWgcj
681715,30.0,2U5tbFsiux2mayJeYe8ciSnycWGHTTWgcj
682567,9.9,2PoxN5D5tFZF297nTWM1xSEduDYZwDTSix
686547,2.0,2Gbp17xubGBQ8aGWAi4PRryq9f9UvVmkFd
687542,6.0,2D4FMbNFU3AjRgE3W8RsPS1wAJpW25mDn9
688694,45.0,2U5tbFsiux2mayJeYe8ciSnycWGHTTWgcj
